essround,idno,gndr,hincfel,grdfinc,gvctzpv,cntry
10,10021,Mees,Coping on present income,10,NA,EE
10,10029,Mees,Coping on present income,3,6,EE
10,10037,Mees,Coping on present income,8,8,EE
10,10047,Mees,Living comfortably on present income,8,8,EE
10,10058,Naine,Coping on present income,8,7,EE
10,10084,Naine,Difficult on present income,10,10,EE
10,10087,Naine,Coping on present income,10,10,EE
10,10129,Naine,Difficult on present income,10,10,EE
10,10151,Mees,Living comfortably on present income,7,8,EE
10,10204,Mees,Coping on present income,8,6,EE
10,10211,Naine,Coping on present income,0,10,EE
10,10228,Mees,Difficult on present income,5,5,EE
10,10229,Naine,Coping on present income,5,5,EE
10,10253,Mees,Difficult on present income,10,10,EE
10,10257,Naine,Coping on present income,10,10,EE
10,10272,Mees,Living comfortably on present income,9,10,EE
10,10284,Mees,Coping on present income,3,5,EE
10,10287,Naine,Living comfortably on present income,5,7,EE
10,10290,Mees,Coping on present income,8,8,EE
10,10336,Naine,Coping on present income,9,9,EE
10,10353,Naine,Coping on present income,7,8,EE
10,10357,Naine,Coping on present income,3,2,EE
10,10370,Mees,Coping on present income,10,9,EE
10,10371,Mees,Very difficult on present income,9,9,EE
10,10377,Mees,Difficult on present income,0,10,EE
10,10378,Mees,Living comfortably on present income,10,10,EE
10,10384,Naine,Difficult on present income,7,9,EE
10,10385,Naine,Coping on present income,7,7,EE
10,10391,Mees,Living comfortably on present income,3,4,EE
10,10407,Naine,Living comfortably on present income,9,10,EE
10,10431,Mees,Coping on present income,6,8,EE
10,10433,Mees,Coping on present income,6,10,EE
10,10440,Mees,Living comfortably on present income,10,10,EE
10,10451,Naine,Difficult on present income,9,9,EE
10,10456,Naine,Living comfortably on present income,2,10,EE
10,10468,Mees,Coping on present income,5,6,EE
10,10498,Naine,Coping on present income,7,NA,EE
10,10499,Naine,Coping on present income,10,8,EE
10,10503,Naine,Living comfortably on present income,8,8,EE
10,10554,Mees,Coping on present income,8,8,EE
10,10563,Naine,Living comfortably on present income,6,10,EE
10,10568,Mees,Coping on present income,8,9,EE
10,10591,Mees,Living comfortably on present income,9,9,EE
10,10594,Naine,Living comfortably on present income,9,10,EE
10,10600,Naine,Coping on present income,6,6,EE
10,10620,Naine,Coping on present income,10,10,EE
10,10636,Naine,Coping on present income,9,9,EE
10,10659,Mees,Living comfortably on present income,7,6,EE
10,10686,Mees,Coping on present income,3,7,EE
10,10697,Mees,Coping on present income,4,5,EE
10,10700,Mees,Very difficult on present income,6,8,EE
10,10711,Mees,Coping on present income,10,10,EE
10,10718,Mees,Living comfortably on present income,8,10,EE
10,10736,Mees,Living comfortably on present income,10,10,EE
10,10752,Mees,Living comfortably on present income,3,6,EE
10,10764,Mees,Coping on present income,10,10,EE
10,10796,Naine,Living comfortably on present income,6,8,EE
10,10797,Naine,Coping on present income,5,5,EE
10,10810,Mees,Difficult on present income,10,10,EE
10,10823,Naine,Coping on present income,8,3,EE
10,10835,Naine,Difficult on present income,6,10,EE
10,10844,Mees,Coping on present income,7,7,EE
10,10845,Naine,Coping on present income,9,9,EE
10,10863,Mees,Coping on present income,10,10,EE
10,10878,Naine,Difficult on present income,10,10,EE
10,10918,Naine,Living comfortably on present income,4,4,EE
10,10922,Mees,Living comfortably on present income,7,10,EE
10,10933,Naine,Living comfortably on present income,10,6,EE
10,10941,Mees,Living comfortably on present income,4,2,EE
10,10942,Mees,Coping on present income,6,6,EE
10,10950,Naine,Coping on present income,10,10,EE
10,10951,Naine,Coping on present income,6,9,EE
10,10954,Naine,Difficult on present income,10,10,EE
10,10965,Mees,Coping on present income,10,10,EE
10,10990,Naine,Coping on present income,10,10,EE
10,10991,Mees,Coping on present income,5,5,EE
10,11004,Mees,Coping on present income,2,4,EE
10,11024,Naine,Living comfortably on present income,10,3,EE
10,11059,Naine,Living comfortably on present income,8,8,EE
10,11076,Mees,Coping on present income,6,8,EE
10,11078,Naine,Coping on present income,6,9,EE
10,11087,Naine,Difficult on present income,9,9,EE
10,11102,Mees,Coping on present income,8,9,EE
10,11109,Mees,Coping on present income,9,10,EE
10,11110,Mees,Difficult on present income,5,9,EE
10,11115,Mees,Living comfortably on present income,4,2,EE
10,11149,Mees,Living comfortably on present income,7,10,EE
10,11151,Mees,Living comfortably on present income,10,4,EE
10,11155,Naine,Coping on present income,8,10,EE
10,11157,Naine,Coping on present income,8,9,EE
10,11168,Naine,Living comfortably on present income,5,5,EE
10,11184,Naine,Coping on present income,10,10,EE
10,11191,Mees,Living comfortably on present income,6,6,EE
10,11212,Mees,Coping on present income,10,10,EE
10,11214,Naine,Difficult on present income,8,10,EE
10,11238,Naine,Difficult on present income,8,10,EE
10,11244,Mees,Coping on present income,10,10,EE
10,11277,Mees,Living comfortably on present income,2,6,EE
10,11278,Mees,Coping on present income,8,8,EE
10,11304,Mees,Coping on present income,10,10,EE
10,11307,Naine,Coping on present income,5,5,EE
10,11310,Naine,Difficult on present income,10,10,EE
10,11318,Naine,Coping on present income,10,10,EE
10,11326,Naine,Coping on present income,9,10,EE
10,11331,Naine,Coping on present income,10,10,EE
10,11338,Mees,Very difficult on present income,9,9,EE
10,11340,Mees,Living comfortably on present income,8,7,EE
10,11376,Naine,Coping on present income,7,5,EE
10,11380,Mees,Coping on present income,10,10,EE
10,11393,Naine,Coping on present income,10,10,EE
10,11426,Mees,Coping on present income,7,8,EE
10,11430,Mees,Living comfortably on present income,7,7,EE
10,11436,Mees,Coping on present income,5,8,EE
10,11438,Naine,Living comfortably on present income,5,8,EE
10,11439,Naine,Coping on present income,5,9,EE
10,11461,Naine,Difficult on present income,10,10,EE
10,11462,Mees,Coping on present income,10,8,EE
10,11489,Mees,Coping on present income,4,9,EE
10,11501,Naine,Coping on present income,9,8,EE
10,11506,Naine,Coping on present income,10,10,EE
10,11514,Naine,Coping on present income,8,9,EE
10,11516,Naine,Coping on present income,7,6,EE
10,11533,Mees,Living comfortably on present income,6,6,EE
10,11549,Mees,Living comfortably on present income,6,10,EE
10,11567,Naine,Coping on present income,7,7,EE
10,11568,Naine,Coping on present income,8,8,EE
10,11579,Naine,Very difficult on present income,10,10,EE
10,11581,Naine,Living comfortably on present income,6,7,EE
10,11589,Mees,Coping on present income,9,8,EE
10,11631,Naine,Difficult on present income,10,10,EE
10,11645,Naine,Living comfortably on present income,10,8,EE
10,11676,Naine,Coping on present income,8,8,EE
10,11683,Mees,Living comfortably on present income,10,10,EE
10,11690,Naine,Coping on present income,10,10,EE
10,11706,Naine,Coping on present income,0,10,EE
10,11713,Mees,Coping on present income,8,6,EE
10,11727,Naine,Coping on present income,7,7,EE
10,11731,Naine,Difficult on present income,7,8,EE
10,11743,Mees,Living comfortably on present income,3,3,EE
10,11749,Naine,Coping on present income,10,10,EE
10,11790,Mees,Very difficult on present income,10,10,EE
10,11791,Naine,Living comfortably on present income,9,9,EE
10,11792,Naine,Coping on present income,8,8,EE
10,11794,Naine,Coping on present income,9,9,EE
10,11798,Mees,Living comfortably on present income,10,10,EE
10,11800,Mees,Coping on present income,10,10,EE
10,11802,Mees,Coping on present income,2,2,EE
10,11815,Naine,Difficult on present income,7,9,EE
10,11827,Naine,Coping on present income,9,9,EE
10,11830,Mees,Coping on present income,7,7,EE
10,11863,Naine,Difficult on present income,8,9,EE
10,11875,Naine,Living comfortably on present income,8,10,EE
10,11876,Mees,Coping on present income,NA,NA,EE
10,11882,Mees,Living comfortably on present income,2,5,EE
10,11894,Mees,Coping on present income,6,10,EE
10,11929,Mees,Coping on present income,9,8,EE
10,11932,Naine,Living comfortably on present income,7,7,EE
10,11937,Naine,Living comfortably on present income,7,8,EE
10,11960,Mees,Coping on present income,5,6,EE
10,11964,Naine,Difficult on present income,10,10,EE
10,11980,Naine,Coping on present income,9,10,EE
10,11981,Naine,Coping on present income,10,10,EE
10,11990,Naine,Very difficult on present income,10,10,EE
10,11992,Naine,Coping on present income,7,7,EE
10,11997,Naine,Living comfortably on present income,8,8,EE
10,12005,Naine,Coping on present income,10,10,EE
10,12015,Naine,Very difficult on present income,10,10,EE
10,12033,Naine,Coping on present income,5,5,EE
10,12035,Mees,Living comfortably on present income,9,9,EE
10,12041,Naine,Coping on present income,10,10,EE
10,12055,Naine,Living comfortably on present income,8,8,EE
10,12065,Naine,Coping on present income,9,10,EE
10,12074,Naine,Coping on present income,10,10,EE
10,12076,Mees,Difficult on present income,9,9,EE
10,12085,Mees,Difficult on present income,5,7,EE
10,12100,Naine,Coping on present income,5,8,EE
10,12121,Naine,Difficult on present income,10,10,EE
10,12135,Naine,Coping on present income,9,10,EE
10,12146,Mees,Living comfortably on present income,8,5,EE
10,12147,Naine,Living comfortably on present income,10,10,EE
10,12152,Mees,Difficult on present income,7,6,EE
10,12183,Mees,Coping on present income,9,7,EE
10,12192,Mees,Living comfortably on present income,6,7,EE
10,12206,Naine,Living comfortably on present income,7,8,EE
10,12210,Mees,Coping on present income,8,10,EE
10,12227,Naine,Living comfortably on present income,6,7,EE
10,12252,Naine,Coping on present income,7,7,EE
10,12267,Naine,Coping on present income,8,8,EE
10,12282,Mees,Living comfortably on present income,6,10,EE
10,12283,Naine,Living comfortably on present income,8,8,EE
10,12287,Naine,Living comfortably on present income,7,8,EE
10,12321,Mees,Difficult on present income,10,10,EE
10,12328,Mees,Coping on present income,7,6,EE
10,12340,Naine,Difficult on present income,8,8,EE
10,12342,Naine,Coping on present income,10,10,EE
10,12351,Naine,Coping on present income,10,8,EE
10,12381,Naine,Coping on present income,5,2,EE
10,12391,Naine,Coping on present income,10,10,EE
10,12413,Mees,Coping on present income,5,5,EE
10,12428,Naine,Difficult on present income,10,10,EE
10,12455,Naine,Coping on present income,9,5,EE
10,12463,Naine,Living comfortably on present income,4,6,EE
10,12469,Mees,Living comfortably on present income,10,10,EE
10,12486,Naine,Very difficult on present income,10,10,EE
10,12509,Naine,Difficult on present income,10,10,EE
10,12541,Mees,Coping on present income,10,10,EE
10,12543,Mees,Difficult on present income,2,3,EE
10,12548,Naine,Coping on present income,7,6,EE
10,12553,Mees,Coping on present income,9,9,EE
10,12554,Mees,Coping on present income,10,10,EE
10,12581,Mees,Coping on present income,8,8,EE
10,12593,Mees,Living comfortably on present income,1,1,EE
10,12603,Mees,Coping on present income,10,10,EE
10,12613,Naine,Living comfortably on present income,4,3,EE
10,12632,Mees,Coping on present income,9,8,EE
10,12654,Mees,Coping on present income,7,10,EE
10,12666,Naine,Living comfortably on present income,5,5,EE
10,12692,Naine,Difficult on present income,7,7,EE
10,12695,Naine,Living comfortably on present income,10,10,EE
10,12709,Naine,Coping on present income,5,10,EE
10,12718,Naine,Living comfortably on present income,9,10,EE
10,12726,Mees,Living comfortably on present income,10,10,EE
10,12730,Mees,Living comfortably on present income,10,10,EE
10,12750,Naine,Living comfortably on present income,4,5,EE
10,12753,Naine,Living comfortably on present income,9,9,EE
10,12790,Naine,Coping on present income,9,4,EE
10,12802,Mees,Coping on present income,10,10,EE
10,12809,Mees,Difficult on present income,6,6,EE
10,12818,Mees,Living comfortably on present income,10,6,EE
10,12823,Mees,Coping on present income,10,10,EE
10,12827,Naine,Coping on present income,9,10,EE
10,12834,Mees,Coping on present income,6,6,EE
10,12855,Naine,Coping on present income,9,9,EE
10,12857,Naine,Coping on present income,6,7,EE
10,12860,Mees,Living comfortably on present income,7,8,EE
10,12879,Naine,Living comfortably on present income,7,7,EE
10,12885,Naine,Coping on present income,10,10,EE
10,12889,Naine,Coping on present income,10,10,EE
10,12892,Naine,Living comfortably on present income,7,8,EE
10,12898,Naine,Living comfortably on present income,6,6,EE
10,12923,Naine,Coping on present income,10,10,EE
10,12926,Naine,Difficult on present income,10,10,EE
10,12941,Naine,Coping on present income,7,10,EE
10,12957,Mees,Coping on present income,10,10,EE
10,12967,Naine,Living comfortably on present income,7,6,EE
10,12985,Naine,Living comfortably on present income,6,6,EE
10,13002,Mees,Coping on present income,0,9,EE
10,13013,Mees,Living comfortably on present income,5,5,EE
10,13050,Naine,Coping on present income,9,9,EE
10,13071,Naine,Coping on present income,9,7,EE
10,13073,Naine,Living comfortably on present income,8,10,EE
10,13096,Naine,Coping on present income,8,10,EE
10,13101,Mees,Living comfortably on present income,7,8,EE
10,13113,Mees,Coping on present income,10,10,EE
10,13120,Mees,Coping on present income,5,9,EE
10,13130,Naine,Difficult on present income,10,10,EE
10,13132,Naine,Living comfortably on present income,4,2,EE
10,13152,Mees,Coping on present income,10,10,EE
10,13181,Mees,Coping on present income,4,5,EE
10,13183,Mees,Living comfortably on present income,10,10,EE
10,13194,Mees,Coping on present income,10,10,EE
10,13204,Naine,Living comfortably on present income,7,3,EE
10,13211,Mees,Living comfortably on present income,10,10,EE
10,13212,Naine,Difficult on present income,NA,NA,EE
10,13239,Naine,Living comfortably on present income,10,10,EE
10,13249,Mees,Coping on present income,10,10,EE
10,13256,Naine,Coping on present income,9,8,EE
10,13273,Mees,Living comfortably on present income,10,9,EE
10,13279,Mees,Coping on present income,6,6,EE
10,13293,Naine,Difficult on present income,10,10,EE
10,13296,Mees,Coping on present income,5,5,EE
10,13306,Mees,Coping on present income,10,10,EE
10,13347,Naine,Difficult on present income,8,9,EE
10,13349,Naine,Coping on present income,9,10,EE
10,13368,Naine,Coping on present income,8,9,EE
10,13369,Naine,Coping on present income,7,7,EE
10,13376,Naine,Coping on present income,10,10,EE
10,13383,Naine,Coping on present income,7,8,EE
10,13401,Mees,Coping on present income,6,9,EE
10,13414,Mees,Difficult on present income,10,10,EE
10,13422,Mees,Coping on present income,10,10,EE
10,13428,Naine,Coping on present income,8,8,EE
10,13431,Naine,Coping on present income,7,7,EE
10,13445,Naine,Coping on present income,4,8,EE
10,13449,Naine,Living comfortably on present income,10,10,EE
10,13457,Mees,Living comfortably on present income,9,9,EE
10,13481,Mees,Coping on present income,7,8,EE
10,13482,Mees,Coping on present income,6,6,EE
10,13499,Mees,Coping on present income,5,7,EE
10,13507,Mees,Coping on present income,10,10,EE
10,13509,Mees,Coping on present income,10,10,EE
10,13529,Naine,Coping on present income,8,8,EE
10,13543,Mees,Coping on present income,7,10,EE
10,13546,Mees,Living comfortably on present income,7,8,EE
10,13549,Naine,Living comfortably on present income,0,0,EE
10,13564,Mees,Living comfortably on present income,10,10,EE
10,13570,Mees,Coping on present income,5,8,EE
10,13576,Mees,Very difficult on present income,5,6,EE
10,13583,Mees,Living comfortably on present income,8,2,EE
10,13599,Naine,Coping on present income,7,10,EE
10,13624,Mees,Coping on present income,8,9,EE
10,13626,Mees,Coping on present income,5,10,EE
10,13631,Naine,Coping on present income,7,7,EE
10,13640,Mees,Difficult on present income,10,10,EE
10,13645,Mees,Difficult on present income,7,10,EE
10,13681,Naine,Difficult on present income,6,6,EE
10,13685,Mees,Living comfortably on present income,8,9,EE
10,13686,Mees,Difficult on present income,5,8,EE
10,13693,Mees,Difficult on present income,8,7,EE
10,13696,Naine,Living comfortably on present income,8,8,EE
10,13716,Mees,Coping on present income,8,10,EE
10,13730,Mees,Coping on present income,9,10,EE
10,13731,Naine,Coping on present income,7,10,EE
10,13735,Naine,Coping on present income,5,10,EE
10,13750,Naine,Coping on present income,10,10,EE
10,13765,Naine,Coping on present income,10,10,EE
10,13792,Naine,Living comfortably on present income,8,6,EE
10,13800,Mees,Living comfortably on present income,5,10,EE
10,13817,Naine,Difficult on present income,8,9,EE
10,13826,Naine,Living comfortably on present income,8,8,EE
10,13842,Mees,Living comfortably on present income,8,6,EE
10,13844,Naine,Difficult on present income,6,10,EE
10,13845,Naine,Coping on present income,8,8,EE
10,13859,Mees,Coping on present income,9,5,EE
10,13879,Mees,Coping on present income,6,6,EE
10,13900,Naine,Living comfortably on present income,5,5,EE
10,13903,Naine,Very difficult on present income,2,7,EE
10,13904,Mees,Living comfortably on present income,6,0,EE
10,13906,Naine,Coping on present income,4,7,EE
10,13911,Naine,Coping on present income,9,9,EE
10,13921,Naine,Coping on present income,7,7,EE
10,13925,Naine,Living comfortably on present income,1,6,EE
10,13949,Mees,Living comfortably on present income,7,8,EE
10,13955,Naine,Very difficult on present income,8,9,EE
10,13958,Naine,Coping on present income,7,9,EE
10,13966,Naine,Coping on present income,6,5,EE
10,13968,Naine,Coping on present income,8,6,EE
10,13984,Mees,Coping on present income,10,10,EE
10,13986,Naine,Coping on present income,10,8,EE
10,13990,Naine,Coping on present income,8,8,EE
10,14009,Mees,Coping on present income,8,7,EE
10,14022,Naine,Living comfortably on present income,9,9,EE
10,14034,Mees,Coping on present income,6,10,EE
10,14054,Naine,Coping on present income,10,10,EE
10,14061,Mees,Very difficult on present income,10,10,EE
10,14068,Naine,Coping on present income,7,8,EE
10,14071,Mees,Living comfortably on present income,8,5,EE
10,14093,Mees,Coping on present income,7,10,EE
10,14141,Naine,Coping on present income,10,10,EE
10,14146,Naine,Living comfortably on present income,2,3,EE
10,14153,Mees,Coping on present income,4,10,EE
10,14167,Naine,Living comfortably on present income,7,9,EE
10,14171,Mees,Coping on present income,7,9,EE
10,14178,Mees,Living comfortably on present income,5,2,EE
10,14184,Mees,Coping on present income,5,8,EE
10,14189,Naine,Living comfortably on present income,5,5,EE
10,14193,Mees,Coping on present income,9,3,EE
10,14215,Naine,Living comfortably on present income,6,6,EE
10,14226,Naine,Coping on present income,6,6,EE
10,14228,Mees,Coping on present income,6,6,EE
10,14245,Naine,Very difficult on present income,7,1,EE
10,14255,Mees,Coping on present income,8,8,EE
10,14258,Mees,Living comfortably on present income,6,8,EE
10,14268,Naine,Coping on present income,10,9,EE
10,14274,Mees,Coping on present income,7,8,EE
10,14291,Naine,Coping on present income,7,8,EE
10,14301,Mees,Coping on present income,10,10,EE
10,14306,Naine,Coping on present income,5,5,EE
10,14319,Mees,Coping on present income,5,9,EE
10,14338,Naine,Coping on present income,10,10,EE
10,14339,Mees,Coping on present income,4,3,EE
10,14355,Naine,Living comfortably on present income,10,10,EE
10,14357,Naine,Coping on present income,4,3,EE
10,14363,Naine,Living comfortably on present income,7,7,EE
10,14370,Naine,Living comfortably on present income,3,9,EE
10,14372,Naine,Coping on present income,10,10,EE
10,14378,Mees,Coping on present income,6,5,EE
10,14379,Naine,Coping on present income,8,8,EE
10,14383,Naine,Living comfortably on present income,10,10,EE
10,14404,Mees,Coping on present income,10,10,EE
10,14442,Mees,Coping on present income,10,10,EE
10,14446,Naine,Coping on present income,8,7,EE
10,14448,Naine,Living comfortably on present income,7,9,EE
10,14450,Naine,Living comfortably on present income,9,9,EE
10,14456,Mees,Difficult on present income,3,2,EE
10,14457,Mees,Coping on present income,7,10,EE
10,14476,Naine,Coping on present income,9,10,EE
10,14488,Naine,Coping on present income,9,9,EE
10,14489,Naine,Coping on present income,6,5,EE
10,14494,Mees,Living comfortably on present income,2,6,EE
10,14535,Naine,Coping on present income,9,5,EE
10,14553,Naine,Coping on present income,10,10,EE
10,14582,Naine,Coping on present income,9,10,EE
10,14588,Naine,Coping on present income,9,10,EE
10,14598,Naine,Living comfortably on present income,10,10,EE
10,14604,Mees,Coping on present income,7,10,EE
10,14643,Mees,Coping on present income,5,5,EE
10,14649,Mees,Coping on present income,10,10,EE
10,14651,Mees,Coping on present income,5,9,EE
10,14653,Naine,Living comfortably on present income,6,8,EE
10,14669,Naine,Very difficult on present income,7,10,EE
10,14676,Mees,Very difficult on present income,10,10,EE
10,14679,Naine,Living comfortably on present income,6,5,EE
10,14698,Mees,Living comfortably on present income,10,10,EE
10,14704,Mees,Coping on present income,9,4,EE
10,14710,Mees,Coping on present income,7,10,EE
10,14714,Naine,Coping on present income,8,9,EE
10,14720,Mees,Coping on present income,10,10,EE
10,14721,Mees,Difficult on present income,8,8,EE
10,14723,Mees,Living comfortably on present income,2,6,EE
10,14754,Naine,Coping on present income,10,10,EE
10,14769,Mees,Coping on present income,3,7,EE
10,14774,Mees,Living comfortably on present income,10,10,EE
10,14782,Naine,Coping on present income,6,10,EE
10,14783,Mees,Coping on present income,6,6,EE
10,14804,Naine,Coping on present income,10,5,EE
10,14808,Naine,Coping on present income,8,9,EE
10,14812,Mees,Living comfortably on present income,8,8,EE
10,14830,Naine,Coping on present income,8,8,EE
10,14833,Mees,Coping on present income,6,6,EE
10,14858,Naine,Very difficult on present income,10,10,EE
10,14873,Mees,Very difficult on present income,9,9,EE
10,14879,Naine,Coping on present income,10,10,EE
10,14882,Naine,Coping on present income,3,7,EE
10,14899,Naine,Difficult on present income,10,10,EE
10,14921,Naine,Difficult on present income,10,10,EE
10,14934,Mees,Coping on present income,8,10,EE
10,14936,Naine,Difficult on present income,7,10,EE
10,14944,Naine,Coping on present income,7,7,EE
10,14949,Mees,Coping on present income,7,10,EE
10,14976,Naine,Difficult on present income,10,10,EE
10,14988,Naine,Living comfortably on present income,6,5,EE
10,14990,Naine,Coping on present income,5,5,EE
10,14992,Mees,Coping on present income,9,8,EE
10,15005,Naine,Coping on present income,10,10,EE
10,15016,Mees,Very difficult on present income,6,9,EE
10,15030,Naine,Coping on present income,10,10,EE
10,15037,Naine,Coping on present income,5,5,EE
10,15046,Mees,Coping on present income,10,10,EE
10,15062,Mees,Living comfortably on present income,7,10,EE
10,15066,Naine,Difficult on present income,10,10,EE
10,15094,Naine,Living comfortably on present income,5,6,EE
10,15097,Naine,Difficult on present income,9,9,EE
10,15099,Mees,Coping on present income,10,8,EE
10,15117,Naine,Coping on present income,10,10,EE
10,15125,Naine,Difficult on present income,8,7,EE
10,15127,Mees,Coping on present income,10,10,EE
10,15128,Mees,Coping on present income,6,5,EE
10,15134,Naine,Difficult on present income,8,7,EE
10,15185,Naine,Coping on present income,7,7,EE
10,15192,Naine,Coping on present income,8,10,EE
10,15230,Mees,Difficult on present income,10,10,EE
10,15241,Mees,Coping on present income,10,10,EE
10,15242,Mees,Living comfortably on present income,6,6,EE
10,15243,Naine,Coping on present income,5,6,EE
10,15253,Naine,Living comfortably on present income,7,10,EE
10,15275,Naine,Difficult on present income,10,10,EE
10,15282,Mees,Living comfortably on present income,7,7,EE
10,15292,Naine,Coping on present income,10,8,EE
10,15303,Naine,Difficult on present income,10,10,EE
10,15310,Mees,Coping on present income,10,10,EE
10,15311,Naine,Coping on present income,9,10,EE
10,15312,Mees,Living comfortably on present income,10,10,EE
10,15325,Mees,Coping on present income,10,10,EE
10,15327,Naine,Coping on present income,10,10,EE
10,15330,Mees,Coping on present income,7,10,EE
10,15345,Naine,Living comfortably on present income,8,7,EE
10,15349,Mees,Coping on present income,10,10,EE
10,15353,Mees,Living comfortably on present income,10,10,EE
10,15373,Mees,Living comfortably on present income,9,8,EE
10,15394,Naine,Coping on present income,7,7,EE
10,15412,Mees,Coping on present income,10,10,EE
10,15440,Mees,Coping on present income,5,10,EE
10,15446,Mees,Coping on present income,4,3,EE
10,15450,Naine,Living comfortably on present income,9,9,EE
10,15457,Mees,Coping on present income,10,10,EE
10,15470,Naine,Coping on present income,9,9,EE
10,15473,Naine,Coping on present income,10,10,EE
10,15480,Naine,Living comfortably on present income,8,9,EE
10,15567,Naine,Coping on present income,9,9,EE
10,15578,Naine,Coping on present income,9,9,EE
10,15579,Mees,Living comfortably on present income,2,2,EE
10,15586,Mees,Coping on present income,5,5,EE
10,15590,Mees,Coping on present income,7,9,EE
10,15593,Naine,Living comfortably on present income,9,9,EE
10,15617,Naine,Coping on present income,10,10,EE
10,15622,Naine,Coping on present income,8,8,EE
10,15631,Mees,Coping on present income,3,3,EE
10,15639,Naine,Coping on present income,NA,10,EE
10,15647,Naine,Coping on present income,7,3,EE
10,15654,Mees,Coping on present income,7,7,EE
10,15671,Naine,Difficult on present income,8,8,EE
10,15674,Naine,Living comfortably on present income,8,10,EE
10,15677,Naine,Coping on present income,8,8,EE
10,15707,Mees,Coping on present income,7,10,EE
10,15713,Mees,Living comfortably on present income,5,5,EE
10,15725,Mees,Coping on present income,8,8,EE
10,15788,Naine,Difficult on present income,10,10,EE
10,15798,Mees,Coping on present income,6,4,EE
10,15831,Mees,Coping on present income,10,10,EE
10,15862,Naine,Coping on present income,5,5,EE
10,15863,Mees,Coping on present income,8,7,EE
10,15880,Mees,Coping on present income,8,8,EE
10,15885,Mees,Difficult on present income,10,10,EE
10,15909,Mees,Coping on present income,10,10,EE
10,15912,Mees,Coping on present income,9,9,EE
10,15932,Naine,Coping on present income,6,9,EE
10,15943,Mees,Coping on present income,10,10,EE
10,15955,Naine,Living comfortably on present income,7,5,EE
10,15964,Naine,Very difficult on present income,10,10,EE
10,15968,Mees,Coping on present income,6,8,EE
10,16009,Naine,Difficult on present income,10,10,EE
10,16013,Naine,Living comfortably on present income,8,10,EE
10,16044,Naine,Coping on present income,8,6,EE
10,16061,Naine,Coping on present income,8,10,EE
10,16102,Naine,Difficult on present income,10,10,EE
10,16106,Naine,Coping on present income,8,9,EE
10,16107,Mees,Living comfortably on present income,5,5,EE
10,16109,Mees,Coping on present income,7,3,EE
10,16113,Naine,Living comfortably on present income,9,9,EE
10,16121,Mees,Coping on present income,10,10,EE
10,16138,Naine,Coping on present income,7,7,EE
10,16155,Naine,Coping on present income,9,10,EE
10,16161,Mees,Difficult on present income,8,8,EE
10,16163,Naine,Coping on present income,10,10,EE
10,16165,Naine,Coping on present income,7,6,EE
10,16171,Mees,Difficult on present income,3,3,EE
10,16173,Mees,Difficult on present income,8,10,EE
10,16178,Mees,Living comfortably on present income,6,8,EE
10,16183,Naine,Difficult on present income,8,9,EE
10,16186,Mees,Coping on present income,7,8,EE
10,16229,Naine,Coping on present income,8,9,EE
10,16233,Naine,Coping on present income,8,9,EE
10,16248,Mees,Coping on present income,5,5,EE
10,16254,Mees,Difficult on present income,0,10,EE
10,16261,Naine,Coping on present income,2,2,EE
10,16287,Mees,Coping on present income,8,8,EE
10,16291,Mees,Coping on present income,10,10,EE
10,16303,Mees,Coping on present income,7,9,EE
10,16311,Naine,Living comfortably on present income,6,6,EE
10,16312,Naine,Living comfortably on present income,8,8,EE
10,16317,Naine,Living comfortably on present income,5,5,EE
10,16330,Naine,Living comfortably on present income,6,3,EE
10,16334,Mees,Coping on present income,10,10,EE
10,16342,Mees,Coping on present income,8,10,EE
10,16347,Naine,Coping on present income,5,5,EE
10,16365,Mees,Coping on present income,8,7,EE
10,16394,Mees,Living comfortably on present income,6,6,EE
10,16396,Mees,Coping on present income,5,10,EE
10,16398,Naine,Coping on present income,8,8,EE
10,16413,Naine,Coping on present income,6,6,EE
10,16419,Naine,Coping on present income,8,9,EE
10,16438,Naine,Coping on present income,10,10,EE
10,16443,Mees,Living comfortably on present income,10,10,EE
10,16453,Naine,Living comfortably on present income,10,10,EE
10,16457,Naine,Living comfortably on present income,9,9,EE
10,16462,Mees,Coping on present income,2,0,EE
10,16497,Naine,Coping on present income,10,10,EE
10,16498,Naine,Difficult on present income,10,10,EE
10,16500,Mees,Coping on present income,8,8,EE
10,16507,Naine,Coping on present income,8,7,EE
10,16509,Mees,Coping on present income,7,7,EE
10,16510,Naine,Coping on present income,8,8,EE
10,16521,Mees,Living comfortably on present income,10,10,EE
10,16566,Naine,Coping on present income,9,9,EE
10,16567,Naine,Coping on present income,7,9,EE
10,16587,Naine,Coping on present income,6,10,EE
10,16594,Naine,Living comfortably on present income,7,7,EE
10,16600,Naine,Coping on present income,10,10,EE
10,16609,Mees,Living comfortably on present income,3,5,EE
10,16610,Mees,Coping on present income,8,9,EE
10,16621,Mees,Coping on present income,10,10,EE
10,16630,Mees,Living comfortably on present income,9,8,EE
10,16652,Mees,Difficult on present income,2,4,EE
10,16685,Naine,Coping on present income,5,7,EE
10,16701,Mees,Coping on present income,6,7,EE
10,16702,Mees,Coping on present income,8,8,EE
10,16724,Naine,Living comfortably on present income,5,5,EE
10,16728,Mees,Living comfortably on present income,8,6,EE
10,16729,Naine,Coping on present income,3,5,EE
10,16745,Naine,Coping on present income,4,1,EE
10,16804,Naine,Living comfortably on present income,10,10,EE
10,16810,Mees,Living comfortably on present income,9,9,EE
10,16817,Mees,Coping on present income,8,8,EE
10,16818,Naine,Coping on present income,0,2,EE
10,16850,Naine,Living comfortably on present income,8,9,EE
10,16865,Naine,Coping on present income,2,3,EE
10,16869,Naine,Living comfortably on present income,5,4,EE
10,16883,Mees,Coping on present income,5,0,EE
10,16904,Naine,Coping on present income,10,8,EE
10,16914,Naine,Coping on present income,8,8,EE
10,16916,Naine,Coping on present income,10,10,EE
10,16919,Naine,Coping on present income,5,5,EE
10,16927,Mees,Difficult on present income,8,9,EE
10,16945,Mees,Living comfortably on present income,10,10,EE
10,16953,Naine,Coping on present income,8,5,EE
10,16964,Mees,Coping on present income,10,10,EE
10,16971,Naine,Living comfortably on present income,7,9,EE
10,16972,Mees,Living comfortably on present income,8,8,EE
10,16978,Mees,Living comfortably on present income,6,6,EE
10,17047,Mees,Coping on present income,5,5,EE
10,17049,Naine,Coping on present income,10,10,EE
10,17066,Naine,Coping on present income,10,10,EE
10,17097,Naine,Living comfortably on present income,3,3,EE
10,17101,Naine,Coping on present income,10,10,EE
10,17139,Naine,Coping on present income,10,10,EE
10,17141,Naine,Living comfortably on present income,6,5,EE
10,17145,Mees,Coping on present income,10,10,EE
10,17151,Mees,Difficult on present income,6,7,EE
10,17153,Mees,Coping on present income,8,8,EE
10,17162,Mees,Coping on present income,6,9,EE
10,17197,Mees,Very difficult on present income,10,10,EE
10,17200,Mees,Coping on present income,9,9,EE
10,17202,Naine,Coping on present income,8,8,EE
10,17205,Naine,Living comfortably on present income,10,10,EE
10,17233,Naine,Coping on present income,NA,NA,EE
10,17242,Naine,Difficult on present income,9,9,EE
10,17261,Naine,Difficult on present income,10,10,EE
10,17267,Mees,Coping on present income,7,8,EE
10,17271,Naine,Difficult on present income,7,8,EE
10,17285,Naine,Living comfortably on present income,10,10,EE
10,17299,Mees,Living comfortably on present income,7,5,EE
10,17310,Naine,Very difficult on present income,7,7,EE
10,17322,Naine,Very difficult on present income,10,10,EE
10,17338,Naine,Coping on present income,10,10,EE
10,17343,Mees,Coping on present income,5,6,EE
10,17344,Mees,Coping on present income,10,8,EE
10,17358,Naine,Coping on present income,9,10,EE
10,17374,Naine,Difficult on present income,6,6,EE
10,17394,Mees,Coping on present income,0,0,EE
10,17395,Mees,Difficult on present income,2,6,EE
10,17400,Naine,Difficult on present income,10,10,EE
10,17415,Naine,Living comfortably on present income,10,10,EE
10,17439,Mees,Living comfortably on present income,10,9,EE
10,17442,Naine,Coping on present income,8,8,EE
10,17453,Mees,Coping on present income,NA,9,EE
10,17462,Naine,Difficult on present income,8,7,EE
10,17488,Naine,Coping on present income,5,7,EE
10,17501,Naine,Coping on present income,10,9,EE
10,17503,Naine,Living comfortably on present income,7,9,EE
10,17509,Mees,Coping on present income,5,9,EE
10,17548,Mees,Living comfortably on present income,5,5,EE
10,17581,Naine,Difficult on present income,10,10,EE
10,17595,Mees,Difficult on present income,10,9,EE
10,17597,Naine,Coping on present income,5,5,EE
10,17601,Naine,Living comfortably on present income,4,8,EE
10,17605,Naine,Coping on present income,8,8,EE
10,17625,Mees,Very difficult on present income,8,6,EE
10,17641,Mees,Coping on present income,5,6,EE
10,17646,Naine,Coping on present income,10,10,EE
10,17665,Mees,Living comfortably on present income,5,10,EE
10,17727,Mees,Living comfortably on present income,7,6,EE
10,17741,Mees,Living comfortably on present income,5,5,EE
10,17744,Mees,Coping on present income,10,10,EE
10,17751,Mees,Living comfortably on present income,7,7,EE
10,17756,Naine,Difficult on present income,9,7,EE
10,17800,Mees,Coping on present income,10,10,EE
10,17818,Mees,Coping on present income,8,8,EE
10,17824,Naine,Coping on present income,5,3,EE
10,17827,Mees,Living comfortably on present income,6,6,EE
10,17830,Naine,Coping on present income,6,8,EE
10,17838,Naine,Coping on present income,8,8,EE
10,17841,Mees,Very difficult on present income,7,7,EE
10,17858,Naine,Coping on present income,5,10,EE
10,17893,Naine,Living comfortably on present income,8,9,EE
10,17896,Mees,Coping on present income,8,8,EE
10,17901,Mees,Living comfortably on present income,3,7,EE
10,17917,Naine,Coping on present income,3,1,EE
10,17925,Mees,Difficult on present income,5,5,EE
10,17945,Naine,Living comfortably on present income,7,7,EE
10,17967,Mees,Coping on present income,10,10,EE
10,17995,Naine,Living comfortably on present income,7,7,EE
10,18023,Mees,Coping on present income,4,8,EE
10,18043,Mees,Living comfortably on present income,10,10,EE
10,18046,Mees,Coping on present income,10,10,EE
10,18054,Naine,Coping on present income,7,7,EE
10,18088,Naine,Coping on present income,8,9,EE
10,18112,Mees,Coping on present income,10,10,EE
10,18116,Naine,Living comfortably on present income,7,8,EE
10,18120,Mees,Coping on present income,6,5,EE
10,18130,Naine,Living comfortably on present income,8,7,EE
10,18137,Naine,Coping on present income,10,10,EE
10,18138,Mees,Coping on present income,9,10,EE
10,18143,Mees,Coping on present income,5,5,EE
10,18153,Naine,Very difficult on present income,0,10,EE
10,18159,Naine,Coping on present income,7,9,EE
10,18170,Naine,Living comfortably on present income,4,7,EE
10,18189,Naine,Coping on present income,10,10,EE
10,18192,Naine,Difficult on present income,5,10,EE
10,18200,Naine,Living comfortably on present income,7,8,EE
10,18206,Mees,Coping on present income,2,10,EE
10,18207,Naine,Living comfortably on present income,7,7,EE
10,18211,Mees,Coping on present income,10,8,EE
10,18256,Naine,Living comfortably on present income,2,5,EE
10,18258,Naine,Coping on present income,7,6,EE
10,18271,Mees,Coping on present income,9,10,EE
10,18289,Naine,Coping on present income,8,8,EE
10,18293,Mees,Coping on present income,10,10,EE
10,18301,Mees,Living comfortably on present income,5,5,EE
10,18318,Mees,Coping on present income,3,7,EE
10,18321,Naine,Difficult on present income,8,10,EE
10,18324,Mees,Living comfortably on present income,7,7,EE
10,18331,Mees,Coping on present income,10,10,EE
10,18340,Mees,Coping on present income,7,7,EE
10,18343,Mees,Coping on present income,8,8,EE
10,18375,Naine,Coping on present income,8,8,EE
10,18378,Mees,Coping on present income,5,10,EE
10,18383,Mees,Coping on present income,7,8,EE
10,18407,Mees,Coping on present income,10,10,EE
10,18437,Naine,Coping on present income,7,8,EE
10,18439,Mees,Coping on present income,8,7,EE
10,18446,Mees,Very difficult on present income,10,10,EE
10,18447,Naine,Coping on present income,10,NA,EE
10,18449,Naine,Difficult on present income,8,9,EE
10,18461,Mees,Coping on present income,7,7,EE
10,18488,Mees,Living comfortably on present income,5,10,EE
10,18493,Naine,Living comfortably on present income,9,10,EE
10,18499,Naine,Coping on present income,2,2,EE
10,18509,Mees,Coping on present income,8,8,EE
10,18513,Mees,Coping on present income,9,6,EE
10,18516,Naine,Living comfortably on present income,7,3,EE
10,18525,Mees,Coping on present income,8,10,EE
10,18553,Naine,Living comfortably on present income,7,3,EE
10,18562,Mees,Coping on present income,5,7,EE
10,18564,Naine,Living comfortably on present income,10,10,EE
10,18610,Mees,Living comfortably on present income,10,10,EE
10,18632,Mees,Living comfortably on present income,7,7,EE
10,18634,Mees,Coping on present income,10,10,EE
10,18637,Naine,Coping on present income,10,10,EE
10,18652,Mees,Living comfortably on present income,6,6,EE
10,18653,Mees,Very difficult on present income,0,10,EE
10,18668,Naine,Coping on present income,6,6,EE
10,18679,Naine,Living comfortably on present income,7,8,EE
10,18715,Naine,Living comfortably on present income,8,9,EE
10,18737,Mees,Coping on present income,8,9,EE
10,18741,Mees,Difficult on present income,6,8,EE
10,18762,Naine,Coping on present income,5,7,EE
10,18776,Naine,Coping on present income,0,5,EE
10,18807,Naine,Very difficult on present income,10,10,EE
10,18809,Mees,Coping on present income,4,8,EE
10,18820,Naine,Living comfortably on present income,5,10,EE
10,18849,Naine,Living comfortably on present income,4,3,EE
10,18868,Mees,Coping on present income,10,10,EE
10,18875,Mees,Coping on present income,3,7,EE
10,18878,Naine,Living comfortably on present income,10,10,EE
10,18883,Naine,Coping on present income,10,10,EE
10,18908,Naine,Living comfortably on present income,8,9,EE
10,18916,Naine,Coping on present income,10,10,EE
10,18936,Naine,Coping on present income,8,8,EE
10,18974,Mees,Coping on present income,8,10,EE
10,18981,Naine,Coping on present income,7,10,EE
10,18983,Naine,Living comfortably on present income,7,7,EE
10,18990,Mees,Coping on present income,9,8,EE
10,19017,Naine,Coping on present income,7,8,EE
10,19055,Naine,Living comfortably on present income,7,8,EE
10,19086,Naine,Coping on present income,10,10,EE
10,19094,Naine,Living comfortably on present income,7,10,EE
10,19098,Naine,Coping on present income,8,8,EE
10,19102,Naine,Coping on present income,10,10,EE
10,19124,Naine,Coping on present income,8,10,EE
10,19134,Naine,Difficult on present income,8,9,EE
10,19137,Mees,Coping on present income,10,10,EE
10,19150,Naine,Coping on present income,10,10,EE
10,19186,Mees,Difficult on present income,8,10,EE
10,19193,Naine,Coping on present income,9,10,EE
10,19195,Naine,Coping on present income,10,9,EE
10,19197,Mees,Coping on present income,8,8,EE
10,19205,Naine,Coping on present income,9,8,EE
10,19228,Naine,Coping on present income,10,10,EE
10,19240,Mees,Difficult on present income,10,10,EE
10,19254,Mees,Coping on present income,10,10,EE
10,19255,Naine,Coping on present income,6,7,EE
10,19278,Mees,Coping on present income,5,10,EE
10,19290,Naine,Coping on present income,6,6,EE
10,19300,Naine,Very difficult on present income,9,7,EE
10,19303,Mees,Coping on present income,7,7,EE
10,19312,Naine,Coping on present income,10,10,EE
10,19328,Mees,Difficult on present income,7,5,EE
10,19335,Mees,Coping on present income,10,4,EE
10,19357,Naine,Coping on present income,3,3,EE
10,19372,Mees,Coping on present income,5,9,EE
10,19382,Mees,Coping on present income,6,10,EE
10,19393,Naine,Coping on present income,10,10,EE
10,19396,Naine,Coping on present income,10,8,EE
10,19398,Naine,Coping on present income,9,9,EE
10,19417,Mees,Coping on present income,5,4,EE
10,19428,Mees,Coping on present income,8,8,EE
10,19439,Mees,Living comfortably on present income,8,8,EE
10,19459,Mees,Coping on present income,10,10,EE
10,19470,Naine,Coping on present income,10,10,EE
10,19484,Naine,Coping on present income,7,9,EE
10,19509,Naine,Difficult on present income,10,10,EE
10,19516,Naine,Coping on present income,8,8,EE
10,19518,Naine,Coping on present income,8,8,EE
10,19582,Naine,Coping on present income,10,10,EE
10,19583,Naine,Living comfortably on present income,9,4,EE
10,19587,Naine,Coping on present income,8,8,EE
10,19598,Naine,Coping on present income,10,8,EE
10,19602,Mees,Living comfortably on present income,5,5,EE
10,19628,Mees,Coping on present income,10,10,EE
10,19630,Naine,Coping on present income,0,0,EE
10,19638,Naine,Living comfortably on present income,10,10,EE
10,19657,Naine,Coping on present income,10,10,EE
10,19663,Naine,Coping on present income,9,NA,EE
10,19685,Naine,Coping on present income,9,10,EE
10,19687,Naine,Coping on present income,10,10,EE
10,19690,Mees,Coping on present income,8,10,EE
10,19697,Naine,Difficult on present income,10,10,EE
10,19718,Naine,Coping on present income,4,4,EE
10,19737,Naine,Living comfortably on present income,8,7,EE
10,19747,Naine,Coping on present income,10,10,EE
10,19762,Naine,Coping on present income,9,9,EE
10,19794,Naine,Difficult on present income,7,10,EE
10,19808,Naine,Very difficult on present income,10,10,EE
10,19809,Naine,Living comfortably on present income,6,6,EE
10,19825,Naine,Coping on present income,7,8,EE
10,19837,Naine,Coping on present income,10,10,EE
10,19854,Mees,Coping on present income,5,8,EE
10,19868,Mees,Coping on present income,10,10,EE
10,19872,Naine,Coping on present income,9,7,EE
10,19882,Naine,Coping on present income,8,10,EE
10,19887,Naine,Living comfortably on present income,8,9,EE
10,19899,Naine,Difficult on present income,5,5,EE
10,19917,Naine,Living comfortably on present income,5,10,EE
10,19928,Naine,Living comfortably on present income,10,10,EE
10,19942,Mees,Coping on present income,5,7,EE
10,19948,Naine,Living comfortably on present income,5,10,EE
10,19952,Naine,Coping on present income,8,9,EE
10,19959,Naine,Coping on present income,0,0,EE
10,19966,Naine,Living comfortably on present income,7,7,EE
10,19973,Mees,Living comfortably on present income,5,2,EE
10,19974,Naine,Coping on present income,9,10,EE
10,19979,Mees,Living comfortably on present income,7,10,EE
10,19995,Naine,Coping on present income,7,10,EE
10,20008,Mees,Living comfortably on present income,6,8,EE
10,20048,Naine,Coping on present income,10,10,EE
10,20060,Naine,Coping on present income,10,10,EE
10,20070,Mees,Living comfortably on present income,8,8,EE
10,20077,Mees,Difficult on present income,6,9,EE
10,20081,Mees,Coping on present income,10,10,EE
10,20087,Mees,Coping on present income,5,10,EE
10,20104,Naine,Coping on present income,7,10,EE
10,20107,Mees,Living comfortably on present income,8,8,EE
10,20108,Naine,Difficult on present income,10,10,EE
10,20109,Mees,Coping on present income,6,10,EE
10,20136,Naine,Coping on present income,6,8,EE
10,20139,Naine,Living comfortably on present income,5,4,EE
10,20156,Mees,Coping on present income,3,8,EE
10,20167,Naine,Coping on present income,9,9,EE
10,20169,Mees,Coping on present income,8,6,EE
10,20172,Naine,Coping on present income,10,7,EE
10,20179,Mees,Coping on present income,10,10,EE
10,20189,Naine,Difficult on present income,10,10,EE
10,20194,Naine,Living comfortably on present income,8,8,EE
10,20199,Mees,Coping on present income,8,10,EE
10,20223,Mees,Difficult on present income,4,7,EE
10,20234,Naine,Coping on present income,5,10,EE
10,20240,Mees,Living comfortably on present income,10,7,EE
10,20243,Naine,Living comfortably on present income,10,10,EE
10,20244,Naine,Living comfortably on present income,10,10,EE
10,20264,Naine,Coping on present income,10,10,EE
10,20276,Naine,Coping on present income,7,7,EE
10,20283,Naine,Living comfortably on present income,8,7,EE
10,20287,Mees,Coping on present income,5,10,EE
10,20292,Naine,Living comfortably on present income,2,6,EE
10,20293,Naine,Coping on present income,10,10,EE
10,20309,Naine,Coping on present income,6,5,EE
10,20314,Naine,Coping on present income,4,7,EE
10,20353,Naine,Coping on present income,10,10,EE
10,20360,Mees,Coping on present income,7,7,EE
10,20364,Naine,Very difficult on present income,8,7,EE
10,20385,Mees,Coping on present income,3,3,EE
10,20389,Naine,Coping on present income,7,8,EE
10,20403,Naine,Living comfortably on present income,10,10,EE
10,20418,Mees,Difficult on present income,2,4,EE
10,20422,Naine,Difficult on present income,8,8,EE
10,20425,Mees,Coping on present income,8,10,EE
10,20427,Naine,Difficult on present income,6,7,EE
10,20428,Mees,Coping on present income,10,10,EE
10,20435,Mees,Coping on present income,5,6,EE
10,20441,Naine,Difficult on present income,6,6,EE
10,20467,Mees,Coping on present income,10,10,EE
10,20512,Mees,Living comfortably on present income,3,3,EE
10,20515,Mees,Coping on present income,7,10,EE
10,20546,Naine,Coping on present income,10,10,EE
10,20558,Mees,Coping on present income,7,6,EE
10,20566,Naine,Coping on present income,7,7,EE
10,20567,Naine,Coping on present income,7,10,EE
10,20571,Mees,Difficult on present income,5,5,EE
10,20586,Mees,Coping on present income,8,9,EE
10,20596,Naine,Coping on present income,6,9,EE
10,20604,Mees,Coping on present income,5,2,EE
10,20613,Naine,Coping on present income,10,10,EE
10,20632,Naine,Coping on present income,6,5,EE
10,20647,Naine,Coping on present income,8,8,EE
10,20681,Naine,Coping on present income,NA,NA,EE
10,20690,Naine,Coping on present income,5,6,EE
10,20695,Mees,Coping on present income,6,7,EE
10,20699,Naine,Difficult on present income,10,10,EE
10,20716,Naine,Living comfortably on present income,8,6,EE
10,20733,Mees,Coping on present income,10,8,EE
10,20740,Naine,Difficult on present income,10,8,EE
10,20757,Naine,Living comfortably on present income,7,6,EE
10,20762,Naine,Coping on present income,10,10,EE
10,20777,Mees,Living comfortably on present income,10,10,EE
10,20787,Mees,Coping on present income,10,10,EE
10,20794,Mees,Coping on present income,5,7,EE
10,20803,Naine,Coping on present income,7,10,EE
10,20804,Naine,Coping on present income,8,9,EE
10,20830,Mees,Coping on present income,6,6,EE
10,20832,Naine,Coping on present income,9,9,EE
10,20835,Naine,Very difficult on present income,5,6,EE
10,20841,Mees,Coping on present income,8,8,EE
10,20853,Mees,Coping on present income,7,5,EE
10,20891,Naine,Living comfortably on present income,7,7,EE
10,20902,Mees,Living comfortably on present income,8,7,EE
10,20926,Mees,Living comfortably on present income,10,10,EE
10,20945,Naine,Living comfortably on present income,10,10,EE
10,20946,Naine,Coping on present income,9,8,EE
10,20963,Mees,Coping on present income,7,7,EE
10,20981,Mees,Living comfortably on present income,3,4,EE
10,20983,Mees,Living comfortably on present income,10,10,EE
10,20991,Naine,Coping on present income,9,9,EE
10,20995,Naine,Difficult on present income,8,7,EE
10,20997,Mees,Coping on present income,7,8,EE
10,20999,Mees,Coping on present income,10,10,EE
10,21006,Naine,Coping on present income,7,10,EE
10,21007,Mees,Coping on present income,6,6,EE
10,21008,Naine,Coping on present income,10,10,EE
10,21034,Naine,Living comfortably on present income,10,10,EE
10,21036,Naine,Difficult on present income,8,10,EE
10,21047,Naine,Coping on present income,6,6,EE
10,21053,Naine,Living comfortably on present income,8,10,EE
10,21060,Mees,Living comfortably on present income,7,7,EE
10,21067,Naine,Coping on present income,4,10,EE
10,21080,Mees,Coping on present income,6,8,EE
10,21096,Mees,Coping on present income,7,7,EE
10,21115,Mees,Coping on present income,3,3,EE
10,21124,Mees,Difficult on present income,10,10,EE
10,21131,Naine,Coping on present income,3,10,EE
10,21136,Naine,Coping on present income,8,8,EE
10,21144,Naine,Coping on present income,7,7,EE
10,21156,Mees,Coping on present income,10,10,EE
10,21182,Naine,Living comfortably on present income,8,8,EE
10,21183,Naine,Living comfortably on present income,8,10,EE
10,21184,Naine,Living comfortably on present income,9,8,EE
10,21188,Mees,Living comfortably on present income,3,5,EE
10,21193,Mees,Coping on present income,5,8,EE
10,21194,Mees,Coping on present income,10,10,EE
10,21202,Naine,Coping on present income,10,9,EE
10,21243,Naine,Coping on present income,9,9,EE
10,21245,Naine,Coping on present income,10,10,EE
10,21256,Naine,Coping on present income,5,5,EE
10,21270,Mees,Coping on present income,3,8,EE
10,21274,Mees,Coping on present income,10,10,EE
10,21280,Mees,Coping on present income,8,8,EE
10,21281,Naine,Coping on present income,5,10,EE
10,21283,Naine,Difficult on present income,6,8,EE
10,21287,Naine,Coping on present income,10,10,EE
10,21289,Naine,Coping on present income,9,8,EE
10,21295,Mees,Coping on present income,10,7,EE
10,21296,Naine,Difficult on present income,10,10,EE
10,21307,Mees,Coping on present income,2,8,EE
10,21308,Naine,Living comfortably on present income,7,7,EE
10,21310,Mees,Coping on present income,10,10,EE
10,21346,Mees,Coping on present income,6,8,EE
10,21378,Naine,Living comfortably on present income,10,10,EE
10,21429,Naine,Coping on present income,10,10,EE
10,21430,Naine,Living comfortably on present income,5,10,EE
10,21433,Mees,Living comfortably on present income,7,8,EE
10,21455,Naine,Coping on present income,10,10,EE
10,21472,Mees,Difficult on present income,9,9,EE
10,21486,Mees,Difficult on present income,9,8,EE
10,21487,Mees,Coping on present income,6,6,EE
10,21497,Mees,Difficult on present income,8,10,EE
10,21512,Naine,Coping on present income,2,9,EE
10,21517,Naine,Coping on present income,4,5,EE
10,21526,Naine,Coping on present income,10,10,EE
10,21554,Naine,Coping on present income,7,8,EE
10,21562,Mees,Coping on present income,10,10,EE
10,21566,Mees,Living comfortably on present income,8,10,EE
10,21580,Mees,Coping on present income,10,10,EE
10,21587,Naine,Coping on present income,10,8,EE
10,21588,Naine,Living comfortably on present income,7,7,EE
10,21607,Naine,Living comfortably on present income,4,8,EE
10,21618,Mees,Coping on present income,10,7,EE
10,21644,Naine,Difficult on present income,10,10,EE
10,21666,Mees,Difficult on present income,9,8,EE
10,21690,Mees,Coping on present income,10,10,EE
10,21692,Naine,Difficult on present income,8,7,EE
10,21694,Mees,Coping on present income,5,5,EE
10,21701,Naine,Coping on present income,5,0,EE
10,21704,Naine,Coping on present income,8,8,EE
10,21716,Naine,Coping on present income,8,10,EE
10,21724,Naine,Living comfortably on present income,10,10,EE
10,21732,Naine,Coping on present income,7,7,EE
10,21740,Naine,Living comfortably on present income,9,9,EE
10,21743,Naine,Coping on present income,10,10,EE
10,21749,Mees,Living comfortably on present income,9,9,EE
10,21760,Mees,Coping on present income,0,0,EE
10,21764,Naine,Coping on present income,5,5,EE
10,21766,Mees,Coping on present income,7,8,EE
10,21778,Mees,Difficult on present income,9,9,EE
10,21779,Naine,Coping on present income,6,10,EE
10,21825,Mees,Coping on present income,9,9,EE
10,21835,Naine,Living comfortably on present income,6,6,EE
10,21852,Naine,Coping on present income,9,9,EE
10,21854,Naine,Coping on present income,6,10,EE
10,21865,Mees,Coping on present income,1,5,EE
10,21868,Mees,Difficult on present income,8,9,EE
10,21887,Mees,Living comfortably on present income,8,7,EE
10,21888,Naine,Coping on present income,8,9,EE
10,21901,Mees,Difficult on present income,5,10,EE
10,21907,Mees,Difficult on present income,8,8,EE
10,21910,Naine,Coping on present income,5,6,EE
10,21916,Naine,Living comfortably on present income,8,9,EE
10,21929,Naine,Coping on present income,10,10,EE
10,21940,Mees,Coping on present income,5,10,EE
10,21959,Naine,Difficult on present income,8,8,EE
10,21970,Naine,Coping on present income,5,5,EE
10,22009,Mees,Living comfortably on present income,10,10,EE
10,22031,Naine,Coping on present income,6,10,EE
10,22041,Naine,Coping on present income,10,10,EE
10,22066,Naine,Coping on present income,10,10,EE
10,22071,Naine,Coping on present income,7,7,EE
10,22074,Naine,Coping on present income,5,5,EE
10,22090,Mees,Coping on present income,7,6,EE
10,22099,Mees,Coping on present income,8,8,EE
10,22100,Naine,Living comfortably on present income,10,10,EE
10,22112,Mees,Very difficult on present income,10,10,EE
10,22128,Mees,Living comfortably on present income,10,10,EE
10,22143,Naine,Coping on present income,5,5,EE
10,22144,Mees,Living comfortably on present income,8,8,EE
10,22166,Mees,Coping on present income,5,8,EE
10,22186,Naine,Coping on present income,1,8,EE
10,22220,Mees,Difficult on present income,8,10,EE
10,22221,Naine,Coping on present income,9,10,EE
10,22227,Naine,Difficult on present income,5,6,EE
10,22254,Mees,Coping on present income,7,7,EE
10,22261,Naine,Coping on present income,10,10,EE
10,22275,Naine,Difficult on present income,10,10,EE
10,22287,Naine,Living comfortably on present income,5,5,EE
10,22299,Mees,Difficult on present income,2,2,EE
10,22310,Mees,Coping on present income,7,8,EE
10,22317,Mees,Living comfortably on present income,6,7,EE
10,22332,Naine,Difficult on present income,7,10,EE
10,22373,Naine,Living comfortably on present income,10,10,EE
10,22394,Mees,Living comfortably on present income,5,5,EE
10,22395,Naine,Coping on present income,10,7,EE
10,22402,Naine,Coping on present income,9,10,EE
10,22403,Naine,Coping on present income,8,7,EE
10,22414,Mees,Coping on present income,8,8,EE
10,22441,Mees,Coping on present income,10,10,EE
10,22445,Mees,Coping on present income,5,5,EE
10,22452,Naine,Coping on present income,6,8,EE
10,22493,Mees,Very difficult on present income,10,0,EE
10,22504,Naine,Coping on present income,10,10,EE
10,22518,Naine,Coping on present income,7,6,EE
10,22533,Naine,Coping on present income,5,5,EE
10,22535,Naine,Coping on present income,10,10,EE
10,22536,Naine,Living comfortably on present income,8,9,EE
10,22537,Mees,Coping on present income,7,8,EE
10,22550,Naine,Coping on present income,7,9,EE
10,22559,Naine,Coping on present income,8,10,EE
10,22608,Naine,Living comfortably on present income,10,8,EE
10,22609,Naine,Difficult on present income,9,10,EE
10,22610,Mees,Living comfortably on present income,8,8,EE
10,22614,Mees,Difficult on present income,6,7,EE
10,22675,Naine,Difficult on present income,10,10,EE
10,22677,Naine,Coping on present income,10,10,EE
10,22688,Naine,Coping on present income,5,6,EE
10,22690,Mees,Coping on present income,9,8,EE
10,22692,Mees,Living comfortably on present income,7,6,EE
10,22700,Naine,Coping on present income,8,10,EE
10,22713,Naine,Coping on present income,8,9,EE
10,22714,Mees,Coping on present income,8,10,EE
10,22722,Naine,Living comfortably on present income,8,9,EE
10,22724,Mees,Coping on present income,10,10,EE
10,22725,Naine,Coping on present income,10,10,EE
10,22767,Naine,Coping on present income,8,7,EE
10,22782,Naine,Coping on present income,9,9,EE
10,22793,Mees,Coping on present income,10,10,EE
10,22802,Mees,Difficult on present income,8,6,EE
10,22806,Naine,Difficult on present income,7,5,EE
10,22822,Mees,Very difficult on present income,9,9,EE
10,22827,Mees,Living comfortably on present income,10,10,EE
10,22829,Naine,Living comfortably on present income,6,9,EE
10,22833,Naine,Coping on present income,5,9,EE
10,22840,Mees,Living comfortably on present income,2,4,EE
10,22857,Naine,Difficult on present income,8,7,EE
10,22864,Mees,Difficult on present income,8,9,EE
10,22870,Naine,Coping on present income,10,8,EE
10,22872,Mees,Coping on present income,2,8,EE
10,22874,Mees,Coping on present income,10,10,EE
10,22890,Mees,Living comfortably on present income,5,10,EE
10,22899,Naine,Difficult on present income,8,8,EE
10,22908,Naine,Coping on present income,9,9,EE
10,22965,Mees,Difficult on present income,6,8,EE
10,22985,Mees,Coping on present income,8,8,EE
10,22992,Mees,Coping on present income,6,7,EE
10,23005,Mees,Living comfortably on present income,5,8,EE
10,23006,Naine,Coping on present income,10,10,EE
10,23013,Naine,Coping on present income,8,10,EE
10,23025,Mees,Living comfortably on present income,8,8,EE
10,23033,Mees,Living comfortably on present income,6,8,EE
10,23038,Mees,Difficult on present income,10,10,EE
10,23057,Naine,Living comfortably on present income,9,9,EE
10,23073,Mees,Very difficult on present income,10,10,EE
10,23080,Naine,Coping on present income,5,5,EE
10,23081,Mees,Coping on present income,10,10,EE
10,23101,Naine,Coping on present income,8,5,EE
10,23102,Naine,Coping on present income,10,10,EE
10,23110,Naine,Difficult on present income,5,6,EE
10,23121,Naine,Living comfortably on present income,8,9,EE
10,23126,Naine,Coping on present income,6,NA,EE
10,23139,Naine,Coping on present income,5,10,EE
10,23143,Mees,Coping on present income,6,8,EE
10,23152,Naine,Very difficult on present income,10,5,EE
10,23156,Mees,Living comfortably on present income,8,10,EE
10,23159,Mees,Living comfortably on present income,6,6,EE
10,23169,Naine,Living comfortably on present income,7,4,EE
10,23176,Naine,Coping on present income,8,9,EE
10,23181,Mees,Difficult on present income,8,9,EE
10,23260,Naine,Very difficult on present income,10,10,EE
10,23269,Naine,Coping on present income,10,10,EE
10,23288,Naine,Difficult on present income,10,10,EE
10,23293,Mees,Coping on present income,4,5,EE
10,23300,Naine,Coping on present income,10,10,EE
10,23301,Naine,Coping on present income,6,9,EE
10,23305,Naine,Coping on present income,6,8,EE
10,23310,Naine,Coping on present income,9,8,EE
10,23313,Naine,Living comfortably on present income,6,8,EE
10,23339,Naine,Coping on present income,9,9,EE
10,23363,Mees,Living comfortably on present income,8,8,EE
10,23372,Mees,Coping on present income,8,9,EE
10,23401,Mees,Difficult on present income,9,9,EE
10,23408,Naine,Coping on present income,4,4,EE
10,23416,Naine,Coping on present income,5,5,EE
10,23431,Mees,Coping on present income,4,5,EE
10,23447,Naine,Coping on present income,10,10,EE
10,23461,Naine,Living comfortably on present income,10,10,EE
10,23463,Mees,Coping on present income,8,8,EE
10,23490,Naine,Living comfortably on present income,8,8,EE
10,23519,Naine,Coping on present income,7,10,EE
10,23521,Naine,Coping on present income,4,5,EE
10,23522,Naine,Coping on present income,8,8,EE
10,23529,Mees,Living comfortably on present income,3,8,EE
10,23530,Naine,Difficult on present income,10,10,EE
10,23533,Naine,Coping on present income,8,9,EE
10,23540,Naine,Difficult on present income,10,8,EE
10,23541,Mees,Living comfortably on present income,9,9,EE
10,23548,Mees,Coping on present income,7,5,EE
10,23570,Naine,Coping on present income,10,10,EE
10,23579,Naine,Coping on present income,8,9,EE
10,23582,Mees,Coping on present income,8,8,EE
10,23585,Mees,Living comfortably on present income,7,7,EE
10,23588,Mees,Coping on present income,7,6,EE
10,23595,Mees,Coping on present income,4,10,EE
10,23599,Naine,Coping on present income,9,9,EE
10,23601,Mees,Difficult on present income,0,7,EE
10,23603,Mees,Coping on present income,10,10,EE
10,23606,Naine,Coping on present income,6,6,EE
10,23613,Naine,Difficult on present income,5,10,EE
10,23629,Mees,Coping on present income,6,6,EE
10,23635,Mees,Difficult on present income,9,9,EE
10,23654,Naine,Coping on present income,5,9,EE
10,23693,Mees,Coping on present income,10,10,EE
10,23695,Mees,Living comfortably on present income,6,5,EE
10,23698,Mees,Coping on present income,10,10,EE
10,23729,Naine,Coping on present income,10,10,EE
10,23755,Mees,Coping on present income,10,10,EE
10,23760,Naine,Coping on present income,9,9,EE
10,23800,Mees,Coping on present income,10,10,EE
10,23810,Naine,Coping on present income,9,10,EE
10,23826,Naine,Coping on present income,5,9,EE
10,23842,Naine,Coping on present income,10,8,EE
10,23846,Naine,Coping on present income,4,4,EE
10,23850,Mees,Coping on present income,7,7,EE
10,23856,Mees,Coping on present income,10,10,EE
10,23866,Naine,Living comfortably on present income,3,3,EE
10,23867,Naine,Coping on present income,10,10,EE
10,23875,Naine,Living comfortably on present income,9,10,EE
10,23888,Mees,Coping on present income,7,7,EE
10,23930,Mees,Coping on present income,7,7,EE
10,23931,Mees,Living comfortably on present income,9,10,EE
10,23934,Mees,Coping on present income,10,10,EE
10,23949,Mees,Coping on present income,9,9,EE
10,23954,Naine,Coping on present income,8,8,EE
10,23958,Naine,Living comfortably on present income,10,10,EE
10,23964,Mees,Coping on present income,6,4,EE
10,23965,Naine,Difficult on present income,10,10,EE
10,23971,Mees,Coping on present income,8,6,EE
10,23996,Naine,Coping on present income,10,10,EE
10,24009,Mees,Difficult on present income,8,8,EE
10,24010,Naine,Coping on present income,5,5,EE
10,24011,Mees,Coping on present income,7,8,EE
10,24017,Mees,Coping on present income,5,8,EE
10,24033,Naine,Coping on present income,8,8,EE
10,24053,Naine,Coping on present income,6,7,EE
10,24056,Naine,Coping on present income,8,9,EE
10,24069,Naine,Coping on present income,10,8,EE
10,24070,Naine,Coping on present income,9,9,EE
10,24100,Mees,Coping on present income,5,7,EE
10,24105,Naine,Coping on present income,7,5,EE
10,24116,Mees,Living comfortably on present income,7,7,EE
10,24122,Naine,Coping on present income,7,10,EE
10,24148,Mees,Coping on present income,7,10,EE
10,24149,Mees,Coping on present income,10,10,EE
10,24157,Mees,Living comfortably on present income,3,5,EE
10,24174,Mees,Very difficult on present income,7,6,EE
10,24180,Mees,Coping on present income,10,10,EE
10,24181,Naine,Living comfortably on present income,10,10,EE
10,24187,Naine,Coping on present income,9,9,EE
10,24193,Mees,Living comfortably on present income,5,5,EE
10,24240,Mees,Living comfortably on present income,6,6,EE
10,24242,Naine,Coping on present income,10,10,EE
10,24253,Naine,Coping on present income,7,5,EE
10,24282,Mees,Coping on present income,5,8,EE
10,24294,Mees,Living comfortably on present income,3,6,EE
10,24298,Mees,Coping on present income,8,8,EE
10,24313,Mees,Coping on present income,9,8,EE
10,24330,Mees,Living comfortably on present income,7,7,EE
10,24332,Naine,Living comfortably on present income,10,10,EE
10,24357,Mees,Coping on present income,10,10,EE
10,24367,Naine,Living comfortably on present income,6,8,EE
10,24395,Naine,Living comfortably on present income,9,10,EE
10,24397,Naine,Living comfortably on present income,10,10,EE
10,24405,Naine,Living comfortably on present income,5,10,EE
10,24418,Naine,Coping on present income,2,0,EE
10,24423,Mees,Living comfortably on present income,8,4,EE
10,24426,Naine,Difficult on present income,10,6,EE
10,24434,Mees,Coping on present income,7,10,EE
10,24440,Mees,Coping on present income,6,8,EE
10,24444,Mees,Living comfortably on present income,7,8,EE
10,24453,Mees,Coping on present income,NA,NA,EE
10,24456,Naine,Coping on present income,5,6,EE
10,24458,Mees,Living comfortably on present income,6,6,EE
10,24497,Mees,Coping on present income,7,7,EE
10,24507,Naine,Coping on present income,7,5,EE
10,24519,Naine,Living comfortably on present income,9,8,EE
10,24522,Naine,Difficult on present income,8,8,EE
10,24529,Naine,Coping on present income,7,8,EE
10,24537,Naine,Coping on present income,10,8,EE
10,24555,Mees,Living comfortably on present income,1,1,EE
10,24556,Mees,Coping on present income,7,10,EE
10,24557,Naine,Coping on present income,10,10,EE
10,24581,Mees,Coping on present income,8,8,EE
10,24591,Naine,Living comfortably on present income,10,10,EE
10,24618,Mees,Coping on present income,6,5,EE
10,24621,Naine,Living comfortably on present income,6,6,EE
10,24629,Mees,Difficult on present income,2,2,EE
10,24640,Mees,Coping on present income,7,6,EE
10,24641,Mees,Living comfortably on present income,5,8,EE
10,24677,Mees,Coping on present income,6,5,EE
10,24729,Naine,Coping on present income,10,10,EE
10,24731,Mees,Coping on present income,9,8,EE
10,24735,Mees,Living comfortably on present income,5,6,EE
10,24736,Mees,Coping on present income,9,5,EE
10,24740,Naine,Coping on present income,10,10,EE
10,24750,Naine,Living comfortably on present income,2,8,EE
10,24758,Mees,Coping on present income,7,9,EE
10,24771,Mees,Coping on present income,6,6,EE
10,24778,Mees,Difficult on present income,9,9,EE
10,24807,Naine,Difficult on present income,9,10,EE
10,24809,Naine,Living comfortably on present income,7,7,EE
10,24817,Mees,Living comfortably on present income,10,10,EE
10,24842,Naine,Coping on present income,10,10,EE
10,24844,Naine,Coping on present income,4,9,EE
10,24848,Naine,Difficult on present income,10,10,EE
10,24850,Naine,Living comfortably on present income,8,8,EE
10,24857,Mees,Coping on present income,7,8,EE
10,24860,Mees,Coping on present income,0,10,EE
10,24865,Naine,Coping on present income,10,10,EE
10,24886,Naine,Coping on present income,9,10,EE
10,24890,Mees,Coping on present income,9,9,EE
10,24900,Mees,Difficult on present income,1,8,EE
10,24904,Mees,Living comfortably on present income,8,8,EE
10,24907,Mees,Living comfortably on present income,7,7,EE
10,24929,Mees,Difficult on present income,3,2,EE
10,24933,Naine,Living comfortably on present income,8,7,EE
10,24934,Naine,Difficult on present income,5,5,EE
10,24945,Mees,Coping on present income,5,5,EE
10,24950,Mees,Difficult on present income,5,10,EE
10,24953,Mees,Coping on present income,2,4,EE
10,24954,Mees,Living comfortably on present income,10,8,EE
10,24964,Mees,Coping on present income,10,10,EE
10,24978,Naine,Coping on present income,6,6,EE
10,24981,Mees,Coping on present income,8,9,EE
10,24988,Naine,Coping on present income,8,10,EE
10,24992,Naine,Coping on present income,3,8,EE
10,24999,Naine,Coping on present income,8,8,EE
10,25019,Naine,Coping on present income,8,10,EE
10,25030,Mees,Coping on present income,6,6,EE
10,25035,Naine,Coping on present income,5,8,EE
10,25052,Naine,Coping on present income,8,8,EE
10,25053,Mees,Coping on present income,5,10,EE
10,25083,Mees,Living comfortably on present income,0,5,EE
10,25084,Mees,Coping on present income,9,10,EE
10,25087,Mees,Coping on present income,10,8,EE
10,25116,Naine,Coping on present income,9,8,EE
10,25134,Naine,Coping on present income,10,10,EE
10,25137,Mees,Living comfortably on present income,9,9,EE
10,25144,Mees,Coping on present income,8,8,EE
10,25153,Mees,Coping on present income,10,10,EE
10,25157,Naine,Coping on present income,5,7,EE
10,25158,Mees,Coping on present income,10,10,EE
10,25167,Mees,Very difficult on present income,7,8,EE
10,25173,Naine,Coping on present income,6,10,EE
10,25208,Naine,Living comfortably on present income,8,6,EE
10,25220,Naine,Coping on present income,6,8,EE
10,25223,Naine,Living comfortably on present income,8,8,EE
10,25239,Mees,Coping on present income,10,10,EE
10,25262,Naine,Very difficult on present income,9,9,EE
10,25293,Naine,Coping on present income,5,10,EE
10,25300,Naine,Coping on present income,9,9,EE
10,25329,Mees,Coping on present income,10,10,EE
10,25333,Mees,Living comfortably on present income,9,9,EE
10,25346,Mees,Coping on present income,5,6,EE
10,25347,Mees,Coping on present income,8,9,EE
10,25363,Naine,Difficult on present income,6,6,EE
10,25369,Naine,Living comfortably on present income,10,10,EE
10,25442,Naine,Coping on present income,10,10,EE
10,25445,Naine,Difficult on present income,6,6,EE
10,25447,Naine,Coping on present income,7,6,EE
10,25496,Naine,Coping on present income,10,10,EE
10,25499,Mees,Difficult on present income,10,10,EE
10,25531,Naine,Coping on present income,5,4,EE
10,25567,Mees,Living comfortably on present income,7,7,EE
10,25585,Naine,Coping on present income,8,9,EE
10,25614,Naine,Coping on present income,9,9,EE
10,25632,Mees,Living comfortably on present income,8,9,EE
10,25638,Mees,Coping on present income,10,10,EE
10,25651,Mees,Difficult on present income,5,5,EE
10,25662,Mees,Living comfortably on present income,7,9,EE
10,25664,Naine,Living comfortably on present income,8,10,EE
10,25666,Mees,Coping on present income,7,8,EE
10,25667,Mees,Coping on present income,5,10,EE
10,25680,Mees,Coping on present income,8,8,EE
10,25682,Naine,Living comfortably on present income,6,6,EE
10,25703,Naine,Living comfortably on present income,10,10,EE
10,25716,Naine,Coping on present income,10,10,EE
10,25742,Mees,Coping on present income,10,10,EE
10,25747,Naine,Coping on present income,8,9,EE
10,25756,Naine,Coping on present income,6,6,EE
10,25761,Mees,Living comfortably on present income,10,10,EE
10,25771,Naine,Coping on present income,7,8,EE
10,25773,Naine,Coping on present income,10,10,EE
10,25774,Mees,Living comfortably on present income,10,10,EE
10,25791,Mees,Coping on present income,5,5,EE
10,25793,Mees,Coping on present income,6,6,EE
10,25795,Mees,Coping on present income,8,8,EE
10,25808,Mees,Living comfortably on present income,5,5,EE
10,25814,Naine,Difficult on present income,10,10,EE
10,25815,Mees,Coping on present income,9,10,EE
10,25834,Mees,Coping on present income,6,6,EE
10,25835,Naine,Living comfortably on present income,6,10,EE
10,25836,Mees,Living comfortably on present income,6,9,EE
10,25837,Naine,Very difficult on present income,5,10,EE
10,25846,Naine,Coping on present income,10,10,EE
10,25855,Mees,Living comfortably on present income,4,4,EE
10,25856,Mees,Living comfortably on present income,8,10,EE
10,25857,Naine,Coping on present income,7,10,EE
10,25870,Mees,Coping on present income,10,10,EE
10,25877,Mees,Coping on present income,10,10,EE
10,25882,Naine,Difficult on present income,10,10,EE
10,25892,Naine,Coping on present income,9,10,EE
10,25895,Mees,Coping on present income,5,5,EE
10,25897,Naine,Living comfortably on present income,9,5,EE
10,25899,Naine,Coping on present income,10,10,EE
10,25900,Mees,Coping on present income,10,10,EE
10,25917,Mees,Living comfortably on present income,8,8,EE
10,25931,Mees,Coping on present income,0,9,EE
10,25942,Naine,Coping on present income,8,8,EE
10,25947,Naine,Coping on present income,5,5,EE
10,25958,Naine,Coping on present income,10,10,EE
10,25972,Naine,Coping on present income,6,5,EE
10,25977,Mees,Coping on present income,10,10,EE
10,25982,Naine,Coping on present income,10,10,EE
10,26026,Mees,Difficult on present income,6,8,EE
10,26038,Naine,Living comfortably on present income,9,10,EE
10,26039,Mees,Difficult on present income,7,9,EE
10,26041,Naine,Coping on present income,7,9,EE
10,26051,Mees,Living comfortably on present income,0,0,EE
10,26059,Naine,Coping on present income,7,0,EE
10,26102,Mees,Coping on present income,5,8,EE
10,26109,Naine,Coping on present income,10,10,EE
10,26122,Naine,Living comfortably on present income,7,7,EE
10,26149,Naine,Coping on present income,10,10,EE
10,26151,Naine,Living comfortably on present income,9,9,EE
10,26152,Naine,Coping on present income,8,8,EE
10,26153,Naine,Coping on present income,8,10,EE
10,26165,Naine,Coping on present income,10,9,EE
10,26170,Mees,Coping on present income,5,5,EE
10,26182,Mees,Coping on present income,7,10,EE
10,26184,Mees,Living comfortably on present income,9,9,EE
10,26260,Naine,Living comfortably on present income,9,9,EE
10,26266,Mees,Difficult on present income,8,9,EE
10,26284,Naine,Coping on present income,10,3,EE
10,26301,Mees,Coping on present income,6,8,EE
10,26310,Naine,Coping on present income,5,5,EE
10,26311,Mees,Coping on present income,10,10,EE
10,26318,Naine,Coping on present income,8,10,EE
10,26329,Mees,Coping on present income,10,10,EE
10,26336,Naine,Coping on present income,5,7,EE
10,26343,Naine,Living comfortably on present income,10,10,EE
10,26361,Naine,Difficult on present income,6,10,EE
10,26368,Naine,Coping on present income,8,7,EE
10,26373,Naine,Coping on present income,10,10,EE
10,26380,Naine,Coping on present income,10,10,EE
10,26381,Naine,Coping on present income,10,10,EE
10,26397,Naine,Coping on present income,7,10,EE
10,26398,Mees,Difficult on present income,7,10,EE
10,26400,Naine,Coping on present income,10,10,EE
10,26404,Mees,Coping on present income,7,9,EE
10,26412,Naine,Difficult on present income,8,9,EE
10,26421,Mees,Living comfortably on present income,0,2,EE
10,26443,Naine,Living comfortably on present income,10,10,EE
10,26447,Naine,Coping on present income,4,8,EE
10,26450,Mees,Difficult on present income,6,6,EE
10,26467,Mees,Coping on present income,10,10,EE
10,26470,Mees,Coping on present income,10,10,EE
10,26475,Mees,Coping on present income,7,10,EE
10,26514,Mees,Coping on present income,8,8,EE
10,26518,Naine,Living comfortably on present income,7,7,EE
10,26525,Naine,Difficult on present income,7,8,EE
10,26537,Naine,Coping on present income,6,7,EE
10,26567,Mees,Coping on present income,10,10,EE
10,26577,Mees,Living comfortably on present income,10,0,EE
10,26578,Naine,Coping on present income,6,7,EE
10,26593,Mees,Difficult on present income,8,9,EE
10,26596,Naine,Living comfortably on present income,NA,NA,EE
10,26614,Mees,Coping on present income,9,9,EE
10,26621,Naine,Coping on present income,9,9,EE
10,26649,Mees,Coping on present income,7,8,EE
10,26659,Naine,Coping on present income,10,10,EE
10,26664,Mees,Living comfortably on present income,7,4,EE
10,26687,Naine,Coping on present income,7,7,EE
10,26701,Naine,Coping on present income,9,9,EE
10,26716,Mees,Coping on present income,10,10,EE
10,26747,Mees,Coping on present income,10,10,EE
10,26754,Mees,Difficult on present income,8,8,EE
10,26785,Mees,Living comfortably on present income,7,7,EE
10,26789,Naine,Difficult on present income,10,10,EE
10,26796,Naine,Difficult on present income,6,9,EE
10,26800,Mees,Difficult on present income,10,10,EE
10,26804,Mees,Living comfortably on present income,9,9,EE
10,26815,Naine,Coping on present income,6,6,EE
10,26818,Naine,Difficult on present income,8,8,EE
10,26819,Mees,Living comfortably on present income,8,10,EE
10,26830,Naine,Difficult on present income,9,9,EE
10,26833,Naine,Coping on present income,9,9,EE
10,26843,Mees,Coping on present income,8,10,EE
10,26849,Mees,Living comfortably on present income,NA,NA,EE
10,26850,Naine,Coping on present income,5,6,EE
10,26854,Naine,Coping on present income,7,7,EE
10,26872,Naine,Difficult on present income,10,10,EE
10,26877,Naine,Coping on present income,10,10,EE
10,26878,Mees,Coping on present income,8,5,EE
10,26887,Mees,Coping on present income,7,8,EE
10,26899,Mees,Coping on present income,8,7,EE
10,26918,Naine,Difficult on present income,10,10,EE
10,26947,Mees,Living comfortably on present income,5,5,EE
10,26972,Naine,Coping on present income,10,10,EE
10,26984,Mees,Coping on present income,8,8,EE
10,26986,Mees,Coping on present income,10,10,EE
10,27020,Naine,Coping on present income,3,3,EE
10,27022,Naine,Coping on present income,9,10,EE
10,27035,Naine,Coping on present income,10,10,EE
10,27056,Mees,Coping on present income,3,7,EE
10,27099,Naine,Coping on present income,7,9,EE
10,27109,Naine,Living comfortably on present income,5,6,EE
10,27118,Naine,Coping on present income,10,10,EE
10,27129,Mees,Living comfortably on present income,9,10,EE
10,27131,Mees,Coping on present income,5,8,EE
10,27139,Naine,Very difficult on present income,10,10,EE
10,27141,Mees,Coping on present income,6,6,EE
10,27142,Naine,Living comfortably on present income,10,10,EE
10,27149,Naine,Coping on present income,5,7,EE
10,27158,Mees,Difficult on present income,10,10,EE
10,27172,Naine,Coping on present income,6,6,EE
10,27193,Mees,Coping on present income,10,10,EE
10,27194,Naine,Difficult on present income,10,10,EE
10,27201,Naine,Coping on present income,10,10,EE
10,27204,Mees,Coping on present income,8,8,EE
10,27207,Naine,Coping on present income,10,10,EE
10,27228,Mees,Coping on present income,5,7,EE
10,27234,Naine,Coping on present income,9,8,EE
10,27236,Naine,Coping on present income,10,10,EE
10,27238,Mees,Coping on present income,8,8,EE
10,27254,Naine,Living comfortably on present income,10,10,EE
10,27256,Naine,Difficult on present income,7,6,EE
10,27259,Naine,Coping on present income,10,10,EE
10,27284,Naine,Difficult on present income,10,10,EE
10,27298,Mees,Coping on present income,5,8,EE
10,27308,Naine,Living comfortably on present income,6,6,EE
10,27339,Mees,Coping on present income,7,7,EE
10,27343,Mees,Coping on present income,5,5,EE
10,27368,Naine,Living comfortably on present income,5,6,EE
10,27380,Naine,Coping on present income,7,8,EE
10,27390,Naine,Coping on present income,8,10,EE
10,27401,Naine,Coping on present income,9,10,EE
10,27427,Mees,Living comfortably on present income,7,6,EE
10,27433,Naine,Difficult on present income,10,9,EE
10,27443,Naine,Living comfortably on present income,8,9,EE
10,27459,Mees,Difficult on present income,5,5,EE
10,27477,Mees,Coping on present income,8,10,EE
10,27482,Naine,Coping on present income,6,6,EE
10,27486,Naine,Coping on present income,5,10,EE
10,27497,Naine,Living comfortably on present income,9,10,EE
10,27505,Naine,Difficult on present income,8,8,EE
10,27542,Naine,Coping on present income,10,10,EE
10,27545,Naine,Difficult on present income,8,7,EE
10,27548,Mees,Living comfortably on present income,7,7,EE
10,27551,Naine,Living comfortably on present income,8,8,EE
10,27586,Naine,Coping on present income,6,8,EE
10,27616,Naine,Coping on present income,5,8,EE
10,27629,Naine,Coping on present income,9,10,EE
10,27652,Mees,Living comfortably on present income,10,10,EE
10,27663,Naine,Coping on present income,9,6,EE
10,27674,Naine,Coping on present income,9,10,EE
10,27680,Naine,Living comfortably on present income,3,6,EE
10,27682,Mees,Difficult on present income,10,10,EE
10,27693,Naine,Living comfortably on present income,10,10,EE
10,27695,Mees,Coping on present income,6,7,EE
10,27707,Naine,Coping on present income,8,8,EE
10,27710,Naine,Living comfortably on present income,9,10,EE
10,27720,Mees,Living comfortably on present income,5,5,EE
10,27731,Naine,Coping on present income,6,7,EE
10,27733,Naine,Difficult on present income,7,10,EE
10,27760,Mees,Coping on present income,10,10,EE
10,27775,Naine,Coping on present income,5,5,EE
10,27794,Naine,Coping on present income,10,10,EE
10,27845,Mees,Living comfortably on present income,10,NA,EE
10,27848,Naine,Living comfortably on present income,9,9,EE
10,27866,Mees,Coping on present income,8,8,EE
10,27870,Naine,Coping on present income,6,5,EE
10,27891,Mees,Living comfortably on present income,10,10,EE
10,27892,Naine,Coping on present income,7,8,EE
10,27899,Naine,Difficult on present income,1,9,EE
10,27902,Mees,Coping on present income,0,7,EE
10,27904,Mees,Living comfortably on present income,7,8,EE
10,27919,Mees,Living comfortably on present income,10,10,EE
